id,status,notes
cmkzbpis800in14grseq2hkhl,警告,"专业名格式错误"
cmkzbpitp00k814grprf93pp7,通过,""
cmkzbpijp00b714grb51tk2km,警告,"专业名格式错误"
cmkzbpibn004k14grfz8gap1t,警告,"专业名格式错误"
cmkzbpia1003514grulmz82dz,警告,"专业名格式错误"
case5,通过,""
cmkzasifi000qtzlsrzoiszui,通过,""
cmkzasifg000otzlssh20q4dp,通过,""
cmkzbbro80002mccwnc6zepmj,通过,""
cmkzbbroe0008mccwh4lxg70m,通过,""
cmkzbbrob0004mccw7oul0eqr,通过,""
cmkz5ueqh000im2sp9buxzuhu,通过,""
cmkzbbrof000amccw4uvr4bno,通过,""
cmkz5ueqi000km2sp8zo4mbw8,通过,""
cmkz5ueqf000gm2spw5kqt1sr,通过,""
cmkzbbroc0006mccw99esa0kg,通过,""
cmkzbpibx004s14grbuyw9tmc,警告,"专业名格式错误"
cmkzbpii3009j14gr91cqntyy,通过,""
cmkzbpibj004g14grbd7ueifb,警告,"专业名格式错误"
cmkzbpihf009614gr9b2sws7n,警告,"专业名格式错误"
cmkzbpief007814gri0mvp3mh,通过,""
cmkzbpijk00b114grus0i4ohk,警告,"专业名格式错误"
cmkzbpiw300mj14grt614p4yp,通过,""
cmkzbpi90002a14gr837l3yot,警告,"专业名格式错误; 关键数据缺失"
case1,通过,""
cmkzbbroj000imccw3icr6ax4,通过,""
cmkzbbroi000gmccwy3l5ry1h,通过,""
cmkzaoovr0006flkkakhnof98,通过,""
cmkzasif9000gtzlsz66z7l65,通过,""
cmkzasif7000etzlseknlbw1f,通过,""
cmkzaoovl0002flkk1ybduyvf,通过,""
cmkzasifa000itzlsec9eqtbx,通过,""
cmkzaoovp0004flkk94un94fx,通过,""
cmkzaoovt0008flkkmhthpqc6,通过,""
cmkzbbrok000kmccw686pa4zl,通过,""
cmkzbbroi000emccwwmhj9ynt,通过,""
cmkzbbroh000cmccwdjsj4aay,通过,""
cmkzbpiwm00n614grslx2c4dg,警告,"专业名格式错误; Top20低SAT录取: 1070; Top10低SAT录取"
cmkzbpiw100mh14gr21tyxslk,通过,""
cmkzbpi72000v14grisehs874,警告,"专业名格式错误; ACT异常低: 14"
cmkz2sxmc0018dx9bb6xq2vn9,通过,""
cmkzbpiw500ml14grthffxunz,通过,""
cmkzbpivc00lt14grpkz2z17s,通过,""
cmkzbpiut00lb14gr0icevjzc,警告,"专业名格式错误"
cmkzbpiur00l914gr24u1akk7,警告,"专业名格式错误"
cmkzbpium00l314grn31e9k9n,警告,"专业名格式错误"
cmkz2sxo1002ndx9bhisisqbi,通过,""
cmkzbpiwy00nh14grmxnqxequ,警告,"专业名格式错误"
cmkzbpi68000o14gry7x1ae50,通过,""
cmkzbpi6c000q14grkgvvvokf,警告,"关键数据缺失"
cmkzbpis000id14grbsn632ut,警告,"专业名格式错误"
cmkzbpirl00i314grgoaa9ccd,警告,"专业名格式错误"
cmkzbpirj00i114grr1hxqyeq,警告,"Top10极低GPA录取; 关键数据缺失"
cmkzbpin300dz14gr5642uj5t,通过,""
cmkzbpimu00dv14grwz661rxd,通过,""
cmkzbpi5o000f14grclh3sbgu,通过,""
cmkzbpilp00d214grvaeapfge,警告,"专业名格式错误"
cmkzbpi9v002z14gr0g5mouin,警告,"专业名格式错误"
cmkzbpiam003o14grrgpua5b6,警告,"Top10低SAT录取"
cmkzbpib8004714grjn4gs4uh,警告,"专业名格式错误"
cmkzbpibi004e14grc4ofj8g9,警告,"专业名格式错误"
cmkzbpibp004m14gr3m30qrth,警告,"专业名格式错误"
cmkzbpid0005y14groprt7dpe,警告,"专业名无效"
cmkzbpidm006m14grwypjlik2,警告,"专业名无效"
cmkzbpidv006u14grx9vikfpr,警告,"专业名无效"
cmkzbpif6007g14grnbji0p27,警告,"专业名格式错误"
cmkzbpie8007014grn4lfs1jh,通过,""
cmkzbpil900cm14grxxqopew0,警告,"专业名格式错误"
cmkzbpiel007e14gruaxec3uo,通过,""
cmkzbpifr007z14grw3rovwt5,警告,"专业名格式错误"
cmkzbpigi008h14gryhdvopew,警告,"ACT异常低: 14"
cmkzbpil200ce14grb5vg2fxw,警告,"专业名格式错误"
cmkzbpigj008j14gr86whdc1x,警告,"ACT异常低: 14"
cmkzbpijh00ax14gr6v7an3mp,警告,"专业名格式错误"
cmkzbbrol000mmccww0bl5owa,通过,""
cmkzasiex0002tzlss68iudbm,通过,""
cmkzasif00004tzlsfww518nr,通过,""
cmkzbbroq0012mccw93ud8n9r,通过,""
case2,通过,""
cmkzbbroo000wmccw1hq0z6ys,通过,""
case3,通过,""
cmkzasif30008tzlswjg04wcp,通过,""
cmkzasif4000atzls1dnfpwmq,通过,""
cmkzbbron000umccwdiov949p,通过,""
cmkzbbron000smccw32cuiymr,通过,""
cmkzbbrol000omccww0558xvj,通过,""
cmkzbbrop0010mccwsjxsa9hp,通过,""
cmkzaooz20040flkkeh15v12k,通过,""
cmkzaooz0003yflkk265stj5d,通过,""
cmkzaooyy003wflkki2ny3675,通过,""
cmkzaooyw003uflkk1o9326fy,通过,""
cmkz5uepx0002m2spa1holtlv,通过,""
cmkz5ueq10004m2spuxfm6nme,通过,""
cmkzasif6000ctzlsuz3xcveg,通过,""
cmkz5ueq60008m2spngeuuj2b,通过,""
cmkzbbrom000qmccwraa8qlf7,通过,""
cmkzbbror0014mccwnerhoh2s,通过,""
cmkzbbroo000ymccwte3qstmf,通过,""
cmkz5ueq40006m2sp825hxll0,通过,""
cmkzbpikx00c814grjfqed827,警告,"专业名格式错误"
cmkzbpijf00av14grwu9dt0jh,警告,"专业名格式错误"
cmkz2sxo3002pdx9b1mdxo8m3,通过,""
cmkzbpitm00k414grxk98ojrc,通过,""
cmkzbpia7003b14gr04m8791z,警告,"专业名格式错误"
cmkzbpibl004i14gr9qm1ke95,警告,"专业名格式错误"
cmkzasife000mtzlsxumw334o,通过,""
cmkzbbros0018mccwjwtfkc4f,通过,""
case4,通过,""
cmkzasifc000ktzlsedxdkqwn,通过,""
cmkz5ueqd000em2spvhagnri1,通过,""
cmkz5ueqb000cm2sp52sudewe,通过,""
cmkz5ueq8000am2spovcd4hfb,通过,""
cmkzbbror0016mccw88y4mtv7,通过,""
cmkzbbros001amccwlhrehhec,通过,""
cmkzbbrot001cmccweloyqolb,通过,""
cmkzbbrou001emccwip2vkwpw,通过,""
cmkzbpiv500ll14grotmc7duy,通过,""
cmkzasifm000wtzlskypbuki6,通过,""
cmkzasifp0010tzls69go2iyi,通过,""
case8,通过,""
cmkzbbrox001mmccwyw9rrljn,通过,""
cmkzbbrow001kmccwh3wf7pnp,通过,""
cmkz5ueqo000qm2spcubeniqe,通过,""
cmkz5ueqr000um2sp3wpvrm77,通过,""
cmkzaooz90048flkkbss0s15o,通过,""
cmkzasifn000ytzlsu9tqw6kn,通过,""
cmkz5ueqp000sm2spg65odsbm,通过,""
cmkzaooz80046flkk3k66xznm,通过,""
cmkzbbroy001omccwjiqbyp3g,通过,""
cmkzbbrov001gmccwg1be06b4,通过,""
cmkzbbrov001imccwbs02a5bz,通过,""
cmkzbpil500ci14grqn28y69w,警告,"专业名格式错误"
cmkzbpigb008b14gr26ysyay4,警告,"ACT异常低: 14"
cmkzbpiea007214gr4yb6b7h7,通过,""
cmkzbpife007n14gr9thy6q9e,警告,"专业名格式错误"
cmkzbpi9u002x14gr37rrdetg,警告,"专业名格式错误"
cmkzasift0018tzlsmts28m85,通过,""
case6,通过,""
case9,通过,""
cmkzbbrp50024mccwvuroijzt,通过,""
cmkzbbrp2001wmccwu742jjxl,通过,""
cmkzaoovy000cflkk0ap4gzdv,通过,""
cmkzbbroz001smccwuz0rtg8g,通过,""
cmkzaoowd000uflkkr5tko2s8,通过,""
cmkzbbrp40022mccwo4hboxwt,通过,""
cmkzaoowb000sflkkjqqss6op,通过,""
cmkzaoow2000eflkkrlummcjp,通过,""
cmkzbbrp2001ymccwwocyaft1,通过,""
cmkzasifv001atzlss6sxzj6f,通过,""
cmkzaoovv000aflkk67bqxbze,通过,""
cmkzbbrp30020mccwuku5pbf6,通过,""
cmkzbbroy001qmccwu7kd7nh2,通过,""
cmkzbbrp60026mccwll67qdis,通过,""
cmkzbbrp1001umccw23ontxhx,通过,""
cmkzbbrp60028mccw913g9rxu,通过,""
cmkz2sxm80016dx9b0hgrol8i,通过,""
cmkzbpivf00lx14grjkgsv8bc,通过,""
cmkz2sxnx002jdx9b0n5wrlfe,通过,""
cmkzbpiuj00kz14grivimfnhu,警告,"专业名格式错误"
cmkzbpirx00ib14grg21ljoav,警告,"专业名格式错误"
cmkzbpigd008d14grx0d6bhe4,警告,"ACT异常低: 14"
cmkzbpinl00ea14griit0yqid,警告,"专业名格式错误; 关键数据缺失"
cmkzbpi9l002p14gr1zsf9hjr,警告,"专业名格式错误"
cmkzbpiec007414grsh17sls7,通过,""
cmkzbpi9x003114grb6ypxwhv,警告,"专业名格式错误"
cmkzbpi9z003314grq1snrph2,警告,"专业名格式错误"
cmkzbpijo00b514gr3y11u9kp,警告,"专业名格式错误"
cmkzbpil000cc14grw4jd4h5p,警告,"专业名格式错误"
cmkz2sxnt002edx9btgfzq71a,通过,""
cmkzbpis500ij14grxvhsuu90,警告,"专业名格式错误"
cmkzasifw001ctzlshpqd2acq,通过,""
cmkzasifx001etzlswg2ztz2v,通过,""
cmkzbbrph0030mccw0a2whg7r,通过,""
cmkzaoow6000kflkkj3k7udv0,通过,""
cmkzbbrpd002qmccwhy41ucyt,通过,""
cmkzaoowa000qflkkl8a2amkj,通过,""
cmkzbbrp9002emccwuxqdb0e7,通过,""
cmkzbbrpe002smccw6hry4l0j,通过,""
cmkzbbrp7002amccwau9x1wwh,通过,""
cmkzbbrp8002cmccw89sajq5u,通过,""
cmkzaoow3000gflkkqlcyryoq,通过,""
cmkzbbrpc002mmccwxjavpovv,通过,""
cmkz5uer30016m2spcscz0e0x,通过,""
cmkzbbrpd002omccwl64x3dyi,通过,""
cmkzaoow5000iflkkdal27drj,通过,""
cmkzaoow9000oflkk8ngomjgd,通过,""
cmkz5uer40018m2spjih002h6,通过,""
cmkzaoow7000mflkkv0bcrzks,通过,""
cmkzbbrpf002wmccwhwrocq74,通过,""
cmkzbbrph0032mccw5ffsa9sp,通过,""
cmkzbbrpb002kmccw5k8yiy27,通过,""
cmkzbbrpg002ymccwik5u7nt3,通过,""
cmkzbbrpa002imccwmpyd6vhc,通过,""
cmkzbbrpf002umccwlm7eyb08,通过,""
cmkzbbrp9002gmccwf9hf6kb4,通过,""
cmkzbpigg008f14grmmbuijl5,警告,"ACT异常低: 14"
cmkzbpibq004o14gru8bedcd1,警告,"专业名格式错误"
cmkzbpiej007c14grqxa6uvxi,警告,"关键数据缺失"
cmkzbpix600nn14grfajj51od,警告,"专业名格式错误; 关键数据缺失"
cmkzbpiky00ca14grmke9ladj,警告,"专业名格式错误"
cmkzbpijr00b914grph1a7up4,警告,"专业名格式错误"
cmkzbpixp00o314gr6xizbdiu,警告,"专业名格式错误; 关键数据缺失"
cmkzbpi9r002v14gri8p2ikah,警告,"专业名格式错误"
cmkzbpi9p002t14gr9q4uohks,警告,"专业名格式错误"
cmkzbpihz009f14grxl48k73v,通过,""
cmkzbbrpo003omccw6aw365am,通过,""
cmkz5ueqm000om2spo8v3oa0q,通过,""
case7,通过,""
cmkzasifj000stzls7h7t3pyw,通过,""
cmkzbbrpq003umccwp83n88ds,通过,""
cmkzbbrpi0036mccw3mabkk0d,通过,""
cmkzasifq0012tzls2rif0awi,通过,""
cmkzasifs0016tzlsr0zu95l3,通过,""
cmkzbbrpn003mmccw55hy0tts,通过,""
cmkz5uer6001am2spmfy1lj13,通过,""
cmkzbbrpi0034mccwll798oby,通过,""
cmkz5ueqk000mm2spihfz8dyk,通过,""
cmkzasifl000utzls0x3a4c3f,通过,""
cmkz5ueqt000wm2spo92j0kj6,通过,""
cmkz5uer8001cm2sp4fjb2h0m,通过,""
cmkzaoozc004cflkke73ze88r,通过,""
cmkz5ueqy0010m2spsfpcme2a,通过,""
cmkzaooz40042flkkad1nle66,通过,""
cmkz5ueqv000ym2spkark587a,通过,""
cmkzaooz50044flkk7en58q18,通过,""
cmkzbbrpj0038mccw0i2g39r5,通过,""
cmkzbbrpq003wmccwclreouuo,通过,""
cmkzasifr0014tzlskaawo1lj,通过,""
cmkzbbrpl003gmccw3oyyx0jc,通过,""
cmkzbbrpn003kmccwmeckqfv3,通过,""
cmkzbbrpl003emccwa3o8yuft,通过,""
cmkzbbrpk003cmccwcj7616pw,通过,""
cmkzbbrpk003amccw5zfo6c8n,通过,""
cmkzbbrpo003qmccwvghyqmr9,通过,""
cmkzbbrpp003smccww5ei28px,通过,""
cmkzaoozb004aflkkdev2los7,通过,""
cmkzbbrpm003imccwk2ed3gew,通过,""
cmkzbpieh007a14grex8bgqnr,通过,""
cmkzbpiu400ko14grnge3dwpn,警告,"关键数据缺失"
cmkz2sxn3001tdx9bz51fyfkw,警告,"关键数据缺失"
cmkzbpiwo00n814grlysmskik,警告,"专业名格式错误; Top20低SAT录取: 1070"
cmkzbpilh00cu14gr9cjikik1,警告,"专业名格式错误"
cmkzasig3001otzlswll4ge6s,通过,""
cmkzaoowp001aflkkaex52foi,通过,""
cmkzasig2001mtzlslyyj2qyk,通过,""
cmkzasifz001itzlsevnx2v79,通过,""
cmkzasify001gtzlsi5ovywep,通过,""
cmkzbbrpr003ymccwqhe472oy,通过,""
cmkzbbrpw004cmccwutzn613p,通过,""
cmkzbbrpw004amccw0k3gne47,通过,""
case10,通过,""
cmkzbbrpu0046mccw271hn4xw,通过,""
cmkzbbrpt0042mccwziz6fx8d,通过,""
cmkzasig1001ktzlshtfigqj4,通过,""
cmkzaoowf000wflkk1vdv9dzj,通过,""
cmkzaoowg000yflkksv85dfuu,通过,""
cmkz5uesr0031m2spcxsqk62k,通过,""
cmkzaoowk0012flkk7vqw11et,通过,""
cmkzaoowq001cflkk52p6xqsk,通过,""
cmkzaoowi0010flkk9l19p24r,通过,""
cmkz5uesv0035m2spwp4v3iki,通过,""
cmkz5uerw0024m2spe1oxhsbv,通过,""
cmkz5uerv0022m2sp5hm7rajp,通过,""
cmkz5uert0020m2sp608z9cpu,通过,""
cmkz5uest0033m2spll8b1l82,通过,""
cmkzaoown0018flkk15gsgs2m,通过,""
cmkzaoowm0016flkkntfqdkp3,通过,""
cmkzbbrpt0044mccwf52d8g7t,通过,""
cmkzbbrpy004gmccw9qms5uf4,通过,""
cmkz5uesx0037m2spncdp83b7,通过,""
cmkzbbrps0040mccwkpxp6kni,通过,""
cmkzbbrpx004emccwkfjwpgn1,通过,""
cmkzbbrpv0048mccw0fwy4cb4,通过,""
cmkzaoowl0014flkkbgymh2c8,通过,""
cmkzbpia3003714gr1keetvuu,警告,"专业名格式错误"
cmkzbpig1008314gr6j37wldb,警告,"专业名格式错误"
cmkzbpil400cg14grywdnn5w1,警告,"专业名格式错误"
cmkzbpigt008s14grw1dm6vmz,警告,"ACT异常低: 14"
cmkzbpiih009x14gr5vkf99d3,通过,""
cmkzbbrpz004kmccwsjulf4xx,通过,""
cmkzbbrpz004mmccwxilxd7t3,通过,""
cmkzbbrq0004omccw10vnosst,通过,""
cmkz5uera001em2spnzso2hzg,通过,""
cmkz5uerc001gm2spr5ll26ji,通过,""
cmkzbbrq0004qmccwkz4a1kr4,通过,""
cmkzbbrpy004imccwqggxlda4,通过,""
cmkzbpis700il14grex91znw6,警告,"专业名格式错误"
cmkzbpitn00k614grpovlg32b,通过,""
cmkzbpia5003914grpx0k130m,警告,"专业名格式错误"
cmkzbpiwk00n414gr6icv6fck,警告,"Top30低GPA录取: 3.1"
cmkzbpii1009h14grixno19ag,通过,""
cmkzbbrq30052mccweh54uqzk,通过,""
cmkzbbrq1004smccw69vmnrzq,通过,""
cmkz5uerf001km2spc36b6dbp,通过,""
cmkzbbrq50058mccw2qs623nv,通过,""
cmkzbbrq2004ymccw25zv6wkv,通过,""
cmkz5uerd001im2spddcku1yd,通过,""
cmkz5uer00012m2spivi21qn1,通过,""
cmkz5uer10014m2spgdi42us3,通过,""
cmkzbbrq30050mccw1hqh7mqp,通过,""
cmkzbbrq40056mccw4kyqs1kc,通过,""
cmkzbbrq6005amccwx24cos6a,通过,""
cmkzbbrq40054mccwt2o6zvoo,通过,""
cmkzbbrq2004wmccwjbmqc7g2,通过,""
cmkzbbrq1004umccwjonj1oh7,通过,""
cmkzbbrqa005kmccwd9g76lff,通过,""
cmkzbbrq7005emccwmnl5w7zx,通过,""
cmkz5uerl001sm2spdzpv10s5,通过,""
cmkz5uerk001qm2spw1mtk6sb,通过,""
cmkzbbrq9005imccw7f7hfj32,通过,""
cmkzbbrq8005gmccwqq2yqmi9,通过,""
cmkzbbrq6005cmccwb5liug9v,通过,""
cmkzbpimp00dq14grp9j3y0sr,通过,""
cmkzasigc0022tzls74cs4qpn,通过,""
cmkzasigd0024tzlsojtg7cf1,通过,""
cmkzaoozh004iflkkipb6j56j,通过,""
cmkzaoox4001uflkk3fh5wk0d,通过,""
cmkzaoox6001wflkkxe78368k,通过,""
cmkzam0ky0006129lp03sy6dq,通过,""
cmkzaoozj004kflkkupqj2spq,通过,""
cmkzam0kw0004129luc6lm7pz,通过,""
cmkzam0ko0002129lpj83nkqb,通过,""
cmkzbbrqb005mmccwic30fc5k,通过,""
cmkzbbrqb005omccwox947d5k,通过,""
cmkzbbrqc005qmccwzv2m4n8z,通过,""
cmkzbpiln00d014grnd16f6v9,警告,"专业名格式错误"
cmkzbpiv000lh14gr5s5meb6u,警告,"专业名格式错误"
cmkzbpix000nj14greorfqr9t,警告,"专业名格式错误"
cmkzbpidi006h14grspvttftq,警告,"关键数据缺失"
cmkzbbrqe005ymccwy04n4igr,通过,""
cmkzam0l5000c129lrtl9c1ur,通过,""
cmkz5uerr001ym2sp5d9t9ghi,通过,""
cmkzam0l00008129l2l1fl2s3,通过,""
cmkzam0l2000a129ljs8safie,通过,""
cmkzbbrqc005smccwb7wucll1,通过,""
cmkzbbrqf0060mccwz89sdd8y,通过,""
cmkzbbrqd005wmccwo8nglwae,通过,""
cmkzbbrqd005umccwb7rdsae8,通过,""
cmkzbbrqf0062mccw102pqwd4,通过,""
cmkz5uerp001wm2spf5f8lwlg,通过,""
cmkzbpil700ck14grmp5o2byj,警告,"专业名格式错误"
cmkzbpinj00e814grubcrbmkd,警告,"专业名格式错误; 关键数据缺失"
cmkzbpied007614grk9jpos32,通过,""
cmkzbpify008114grj4udy4m6,警告,"专业名格式错误"
cmkzbpig3008514grbm6vs3aw,警告,"专业名格式错误"
cmkzbpiib009r14grmsodw1u0,通过,""
cmkzbpi94002c14grtwoq61a2,警告,"专业名格式错误"
cmkzbpi9n002r14grb1vd7suo,警告,"专业名格式错误"
cmkzbpiy400oc14grnucqwivq,警告,"专业名无效; 关键数据缺失"
cmkzbpi8d001p14gr1t77sxvp,警告,"专业名格式错误"
cmkzbpik000bh14gru31ih744,警告,"专业名格式错误; 关键数据缺失"
cmkzasig6001stzlskwgq4rl2,通过,""
cmkz5uerg001mm2spezcwzoei,通过,""
cmkzaooze004eflkkm8564uof,通过,""
cmkzbbrqg0066mccw24sgp7nq,通过,""
cmkzbbrqj006gmccwep7g4cws,通过,""
cmkzasig5001qtzlspero978j,通过,""
cmkzbbrqh0068mccwsc3js88r,通过,""
cmkzbbrqg0064mccwmw2gpa9d,通过,""
cmkzasig7001utzlslheafc1h,通过,""
cmkzbbrqk006imccwtuq5lse7,通过,""
cmkzbbrqk006kmccwbyixxlrj,通过,""
cmkzbbrql006mmccwonuuhqup,通过,""
cmkzbbrqm006qmccwb9bg9zij,通过,""
cmkz5ueri001om2sp1q6tusqj,通过,""
cmkz5ues7002em2sp42vrq8kp,通过,""
cmkz5uesf002nm2sp2ve1u455,通过,""
cmkz5uesh002pm2speg0qq76q,通过,""
cmkz5ues5002cm2sp9r7445gy,通过,""
cmkz5uern001um2spunjf2te5,通过,""
cmkzbbrqm006omccwpybuxue3,通过,""
cmkzbbrqi006emccwrwx6sqno,通过,""
cmkzaoozf004gflkkbyzat9ey,通过,""
cmkzbbrqi006cmccwt3q0nyy3,通过,""
cmkzbbrqh006amccw6gztomdg,通过,""
cmkzbpiwq00na14grf40sr1xt,警告,"专业名格式错误; Top30低SAT录取: 1070"
cmkzbpils00d614gry5fqs4as,警告,"专业名格式错误"
cmkz5ues3002am2splqqn3tk9,通过,""
cmkzbbrqn006smccwtivi50xg,通过,""
cmkzbbrqn006umccwgc2prmjh,通过,""
cmkzbbrqq0070mccw0xrlk599,通过,""
cmkzbbrqs0076mccwu6byqxjz,通过,""
cmkzbbrqt007amccwy1qqrh5q,通过,""
cmkzam0l9000g129lb8cw05bt,通过,""
cmkzam0lh000o129lfy8845q1,通过,""
cmkzbbrqu007emccwx7gk3fft,通过,""
cmkzbbrqt007cmccwuo1dxgmc,通过,""
cmkz5ues10028m2spz6zrusyq,通过,""
cmkzbbrqp006ymccwf5v5wa27,通过,""
cmkzbbrqs0078mccwlvqag3b9,通过,""
cmkz5uerz0026m2sp2eu323kv,通过,""
cmkzam0lc000i129lycftja36,通过,""
cmkzam0lf000m129lb15qm5gz,通过,""
cmkzam0l7000e129lztjlqxbi,通过,""
cmkzbbrqq0072mccw529lqy0i,通过,""
cmkzam0le000k129lcty2xafr,通过,""
cmkzbbrqr0074mccwv458ygjz,通过,""
cmkzam0li000q129l2bntzhg1,通过,""
cmkzbbrqo006wmccw2h6vu9fs,通过,""
cmkzam0lj000s129letujl5sf,通过,""
cmkzbpiak003m14gr2vv7rgjl,通过,""
cmkzbpidu006s14gr6vvnumt9,警告,"专业名无效"
cmkzbpigz008w14gr69d81jta,警告,"专业名格式错误"
cmkzaoozr004wflkkvdzwz8cr,通过,""
cmkzam0lo000y129l5zwzoxmw,通过,""
cmkzaoozp004sflkkh2qvbakc,通过,""
cmkzaoozq004uflkkzxcwyvcr,通过,""
cmkzbbrqv007imccwi02vod00,通过,""
cmkzam0ll000u129lhthuuxy5,通过,""
cmkzbbrqw007kmccw6cdq55yc,通过,""
cmkzbbrqu007gmccwkuili1ct,通过,""
cmkzam0lm000w129l2kspsf6x,通过,""
cmkzbpic6005314gr8ewf9mvs,警告,"专业名格式错误"
cmkzbpi59000314grgy0q93k5,通过,""
cmkzbpii9009p14grsdp134ve,通过,""
cmkzbpi53000114gr5tl1pbes,通过,""
cmkzbpiva00lr14gr0iv1rp5l,通过,""
cmkz2sxka0004dx9bvfwsnsx6,通过,""
cmkz2sxkd0006dx9b4mbo3dwh,通过,""
cmkzbpiao003q14grb93ook3x,通过,""
cmkzasigk002atzls1by7rlsd,通过,""
cmkzasigl002ctzlse8ry5ud1,通过,""
cmkzbbrqz007wmccwzr00tfju,通过,""
cmkzbbrqy007umccwriabg7zr,通过,""
cmkzam0lq0012129lm1jrm9w7,通过,""
cmkzam0ls0014129lhycln01q,通过,""
cmkzaoozk004mflkk4vglhs1r,通过,""
cmkzaoozl004oflkkp1awe8hz,通过,""
cmkzam0lp0010129l55qlby7v,通过,""
cmkzbbrqy007smccwx4xjck57,通过,""
cmkzaoozn004qflkkex469tpd,通过,""
cmkzbbrqw007mmccwgnh9pvdm,通过,""
cmkzbbrqx007omccwk1x4kuv3,通过,""
cmkzbbrqx007qmccwc7ftadk2,通过,""
cmkzbpilx00da14grzyhbjzrc,警告,"专业名格式错误"
cmkzbpi8f001r14grjm8itt8q,警告,"专业名格式错误"
cmkzbpit400jm14grd1eudszf,通过,""
cmkzbpig8008914grangtnwug,警告,"专业名格式错误"
cmkzbpii5009l14grmwmzopcf,通过,""
cmkzbpijm00b314grmp0bfeix,警告,"专业名格式错误"
cmkzbbrr5008cmccwgu3i7j0e,通过,""
cmkzbbrr00080mccw5yi05lls,通过,""
cmkzam0lt0016129llac18fl5,通过,""
cmkzasig9001wtzlskl51y4kl,通过,""
cmkzasigh0026tzlsmqbm6dkw,通过,""
cmkzbbrr8008kmccw49sh3wb2,通过,""
cmkzasigb0020tzlstjxoghcw,通过,""
cmkzbbrr10084mccwf1df024e,通过,""
cmkz5uet0003bm2spcppr5489,通过,""
cmkzbbrr10082mccwbgn349fd,通过,""
cmkzasiga001ytzlsxaofbrzu,通过,""
cmkzasigi0028tzls6zahr0ry,通过,""
cmkzaooxb0022flkkzp49yqmo,通过,""
cmkzaooxh0028flkkyy0u7xnj,通过,""
cmkzaooxf0026flkk4qx9pvey,通过,""
cmkzaoox8001yflkkqtwpeajq,通过,""
cmkzaoowv001iflkkaeryp0dc,通过,""
cmkzaoox90020flkkko5nypia,通过,""
cmkzaoowt001gflkko9e65n4l,通过,""
cmkz5uesk002tm2sp3t6tf6t1,通过,""
cmkzaooxd0024flkk1gqx8yie,通过,""
cmkz5uesm002vm2spvq8zm0mw,通过,""
cmkz5uesy0039m2sptm0eojax,通过,""
cmkz5uet3003fm2spswnl6c7o,通过,""
cmkz5uete003rm2spn9daaycn,通过,""
cmkz5uet7003jm2spiunxuqrv,通过,""
cmkzam0lv0018129l2fqbin6l,通过,""
cmkzbbrr4008amccwf8chue4l,通过,""
cmkzbbrr8008imccwd8ot1etr,通过,""
cmkzbbrqz007ymccwlcb3lifk,通过,""
cmkzaoowr001eflkkoarsw7u9,通过,""
cmkz5uesi002rm2spehbwgjd1,通过,""
cmkzbbrr20086mccwubtawdf3,通过,""
cmkzbbrr30088mccw3zcphj7f,通过,""
cmkzbbrr5008emccwxhrkle4d,通过,""
cmkzbbrr7008gmccw7gqkb2uk,通过,""
cmkz5uet5003hm2sp6ma5xvdg,通过,""
cmkzbpijd00at14gr4p12um3i,警告,"专业名格式错误"
cmkzbpivz00mf14grvljb19v6,通过,""
cmkzbpiwj00n214grbu3dzdwv,通过,""
cmkzbpiuz00lf14gr8ncqhabk,警告,"专业名格式错误"
cmkzbpiim00a214grqvu0rd36,通过,""
cmkzbbrr9008mmccwv25ohouw,通过,""
cmkz5uesp002zm2spx7otkq15,通过,""
cmkzbbrra008qmccwnscvvu63,通过,""
cmkzbbrra008omccwxgnl7vc9,通过,""
cmkzbpi5m000d14gre0snv9k7,通过,""
cmkzbpiux00ld14grmwnxxh0k,警告,"专业名格式错误"
cmkz2sxns002cdx9b8chthabz,通过,""
cmkz2sxnn0027dx9bahnnzzrn,通过,""
cmkz2sxkv000idx9bxd9s6v1a,通过,""
cmkzbpihi009814grlaw6vole,警告,"专业名格式错误"
cmkzbbrrc008wmccwvhvdygl1,通过,""
cmkzbbrrf0098mccwg1f3ez6f,通过,""
cmkzaoozt004yflkk2xtpj3xn,通过,""
cmkzbbrre0094mccw2qlh7h7g,通过,""
cmkz5uetc003pm2spu0oou0uk,通过,""
cmkzaoozv0052flkk0c5t16j9,通过,""
cmkzbbrre0092mccw0kunvt8z,通过,""
cmkzbbrrf0096mccwwwrn8dta,通过,""
cmkzbbrrd008ymccw943m226q,通过,""
cmkzbbrrc008umccwde87crfh,通过,""
cmkzbbrrb008smccwg1pzetj5,通过,""
cmkzaoozu0050flkkvvat6t5g,通过,""
cmkzbbrrd0090mccwudcoihel,通过,""
cmkz2sxks000gdx9bnr2qbbvz,通过,""
cmkzbpi5l000b14gr4vt2s4w8,通过,""
cmkzbpirn00i514gr6afd65dn,警告,"专业名格式错误"
cmkzbpif8007i14grxjvkk5n3,警告,"专业名格式错误"
cmkzbpie1006w14gr85xpvnkz,警告,"专业名无效"
cmkzbpids006q14gre0tqgvyq,警告,"专业名无效"
cmkzbpiv600ln14gr2bg4zirk,通过,""
cmkzbpibv004q14grl8s7drb1,警告,"专业名格式错误"
cmkzbpiv800lp14grinma1efy,通过,""
cmkz2sxmq001jdx9bslnh9vdt,通过,""
cmkzbbrrg009cmccwruolxvvx,通过,""
cmkz5ueta003nm2spymaykzwt,通过,""
cmkzaoox0001oflkk56opweo0,通过,""
cmkz5uet1003dm2spffc2wn0u,通过,""
cmkzaoowz001mflkk7hjwqq1i,通过,""
cmkzaooxn002eflkkk38lg5be,通过,""
cmkz5uetf003tm2spf8y2i9yu,通过,""
cmkz5uet9003lm2spwrh2t9mn,通过,""
cmkz5ueso002xm2spawy1j0a8,通过,""
cmkzaoowx001kflkkzk74lobb,通过,""
cmkzaooxo002gflkkmmnll0mh,通过,""
cmkzbbrrg009amccwgzvtnlvx,通过,""
cmkzbbrrh009emccwn0syi4th,通过,""
cmkzbbrri009gmccw9v34dl63,通过,""
cmkzbbrri009imccwq4xpu30k,通过,""
cmkzbbrrj009kmccwvavpjbrq,通过,""
cmkzaooxl002cflkk6iejml9u,通过,""
cmkzaooxi002aflkk1kljjc5b,通过,""
cmkzbbrrk009mmccwfkw8555e,通过,""
cmkzaoozz0056flkk3ful33cv,通过,""
cmkzam0lx001c129li5i5a8kb,通过,""
cmkzaoozy0054flkk0pj14vz4,通过,""
cmkzam0lw001a129lzrmv6t5i,通过,""
cmkzbbrrk009omccwzfsxcfem,通过,""
cmkzbpicy005w14gr2u19qoi7,警告,"专业名无效"
cmkzbpiy700oe14grecnxdifd,警告,"专业名无效"
cmkzbpig5008714grmv6lz9sm,警告,"专业名格式错误"
cmkzam0m3001m129l9tx0g5y4,通过,""
cmkzbbrrl009qmccwevesvg3s,通过,""
cmkzbbrro00a0mccwgmr8s4nh,通过,""
cmkzbbrrn009ymccwgmd1k8n2,通过,""
cmkzam0m1001i129lb0i0q2y8,通过,""
cmkzam0m5001o129ldiatp83g,通过,""
cmkzbbrrp00a2mccwcbafn7we,通过,""
cmkzam0lz001e129ll637lns5,通过,""
cmkzam0m0001g129lcr61nvvh,通过,""
cmkzbbrrn009wmccw5yzir8g4,通过,""
cmkzam0m2001k129lciv3z43k,通过,""
cmkzam0m6001q129l07d3bqty,通过,""
cmkzam0m9001s129ltjs0065a,通过,""
cmkzbbrrm009smccwm2jl1owv,通过,""
cmkzbbrrm009umccwls9haluh,通过,""
cmkzbbrrp00a4mccwkb5jl4qz,通过,""
cmkzbpi5j000914grpdi0vvf7,通过,""
cmkzbpirg00hz14grg5aocjw3,警告,"专业名格式错误"
cmkzbpiun00l514grk3358me8,警告,"专业名格式错误"
cmkzbpivd00lv14grib4jjobc,通过,""
cmkzbpinh00e614gr267ux63l,警告,"专业名格式错误"
cmkz2sxkp000edx9bva1p7gik,通过,""
cmkz2sxjw0002dx9b9j9hr6ii,通过,""
cmkzbpi9i002n14grz9yolaws,警告,"专业名格式错误"
cmkzbpiuk00l114grmdy4s4jj,警告,"专业名格式错误"
cmkzbpim600df14grjdhjwfkl,警告,"专业名格式错误"
cmkzbpid5006314groddr6pbm,通过,""
cmkzbpicl005h14gru6kzfvba,警告,"专业名无效"
cmkzbpilq00d414gr1d71i3ln,警告,"专业名格式错误"
cmkzbpivt00m914grchjejoli,通过,""
cmkzbpijj00az14grdkm23jk2,警告,"专业名格式错误"
cmkzbpiwf00my14grxnzyw324,通过,""
cmkzbbrrs00aemccwitrc973e,通过,""
cmkzaop03005aflkkpzb1u0ll,通过,""
cmkzbbrrr00aamccwdwtnz434,通过,""
cmkzbbrrr00acmccw4w4gkbk5,通过,""
cmkzbbrrt00akmccwkai0jxxf,通过,""
cmkzam0mj0026129ly3qp52hz,通过,""
cmkzam0mb001w129lznzleu0q,通过,""
cmkzam0mi0024129l4nti2ul0,通过,""
cmkzaop08005eflkk0abkabe1,通过,""
cmkzam0me0020129lhrneuvbz,通过,""
cmkzam0md001y129lao6978d3,通过,""
cmkzaop010058flkk8b4itej2,通过,""
cmkzaop05005cflkkuna3ems6,通过,""
cmkzaop0a005gflkke3my98wy,通过,""
cmkzam0mf0022129ln3j8zf0f,通过,""
cmkzaop0g005mflkkvgs3m3md,通过,""
cmkzaop0d005kflkkj426sv75,通过,""
cmkzaop0b005iflkk0z3f3nf6,通过,""
cmkzbbrrs00agmccwpkyyhakn,通过,""
cmkzbbrru00aomccwnsnk3q6z,通过,""
cmkzbbrru00ammccwn8g9tfjy,通过,""
cmkzbbrrt00aimccwfto7lk8r,通过,""
cmkzam0ma001u129lw9ukpidr,通过,""
cmkzbbrrq00a6mccwg5e7zd4y,通过,""
cmkzbbrrq00a8mccwh27xubyz,通过,""
cmkzbbrrv00aqmccw62arf5cd,通过,""
cmkzbbrrw00aumccwv7g25zpr,通过,""
cmkzam0mm002a129ldj81i0jj,通过,""
cmkzam0mk0028129loi26f4b5,通过,""
cmkzam0mo002c129lrjac4htj,通过,""
cmkzbbrrw00awmccw6rq6unec,通过,""
cmkzbbrrv00asmccwv12g4foq,通过,""
cmkzbbrs000b6mccwhi2chgzj,通过,""
cmkzbbrrx00b0mccwayp9bmd6,通过,""
cmkzam0mt002g129lulv1pzxh,通过,""
cmkzbbrs100b8mccwz4zzkgjt,通过,""
cmkzam0mp002e129lv9fvnbux,通过,""
cmkzbbrry00b4mccwuaozq02d,通过,""
cmkzbbrry00b2mccw5gbmdhje,通过,""
cmkzbbrrx00aymccwybyj5mn7,通过,""
cmkzbpij600al14grndc7arg8,警告,"专业名格式错误"
cmkzbpis200if14grkvb5uswd,警告,"专业名格式错误"
cmkzam0n6002m129lx6x7ipvc,通过,""
cmkzbbrs300bgmccwa1h4q1m3,通过,""
cmkzbbrs500bmmccwkj9y0uqj,通过,""
cmkzbbrs400bimccwbbur85kz,通过,""
cmkzbbrs400bkmccwuinvvens,通过,""
cmkzam0nf002u129lbgrb9mx5,通过,""
cmkzam0n3002k129lbu68um50,通过,""
cmkzam0my002i129l1543r5pk,通过,""
cmkzam0n8002o129lbprryu92,通过,""
cmkzbbrs200bcmccws5vjir3d,通过,""
cmkzam0nc002s129l5cn0ow8h,通过,""
cmkzam0na002q129lr9ykfd5n,通过,""
cmkzbbrs100bamccwxp4i8dsc,通过,""
cmkzbbrs300bemccw0ky4xvq0,通过,""
cmkzbbrs500bomccwwswok1ks,通过,""
cmkzbbrs600bqmccwn0qqx7ib,通过,""
cmkzbbrs700bsmccwtjzn4i6n,通过,""
cmkzbpitd00jw14gr9ge9hwto,通过,""
cmkzbpiwd00mw14grxa8pcsw5,通过,""
cmkz2sxlf000tdx9bfu7xfsif,通过,""
cmkzbbrs700bumccwfsxbl6ib,通过,""
cmkzbbrs900c2mccwqizn0pq6,通过,""
cmkzbbrs900c0mccwyv2wk20f,通过,""
cmkzbbrsa00c4mccwvm40o3q6,通过,""
cmkzam0nn0034129ll4qy6crd,通过,""
cmkzam0nl0032129l25t3tub7,通过,""
cmkzam0ni002y129l69sl4gi2,通过,""
cmkzam0ng002w129ldyknbcj4,通过,""
cmkzam0nj0030129l2bp4t6s9,通过,""
cmkzbbrsa00c6mccwj54vz61q,通过,""
cmkzbbrsb00camccwbiljthwt,通过,""
cmkzbbrsc00ccmccwbtjgnky0,通过,""
cmkzbbrs800bymccwu8lhst79,通过,""
cmkzbbrsb00c8mccwlhnt05co,通过,""
cmkzbbrs800bwmccwc4im7rwh,通过,""
cmkz2sxmk001edx9b41mhabyz,通过,""
cmkzbpi7b001114grlfbppg4x,警告,"专业名格式错误; ACT异常低: 14"
cmkz2sxmh001cdx9boc7xfg7g,通过,""
cmkzbpifi007s14grw0hmehgx,警告,"专业名格式错误"
cmkzbpi78000z14gr2lco34sb,警告,"专业名格式错误; ACT异常低: 14"
cmkzbbrsi00cumccwyfd0kcux,通过,""
cmkzbbrsg00cqmccwj5anqnd0,通过,""
cmkzam0np0036129luvlkvqty,通过,""
cmkzam0nt003c129lqdu9hocf,通过,""
cmkzam0ns003a129lc3hor5ss,通过,""
cmkzam0nq0038129lvcqg2ve7,通过,""
cmkzam0nv003e129lqye16rj8,通过,""
cmkzbbrsi00cwmccwt5kq9zu9,通过,""
cmkzbbrsk00d0mccw8j7iwfta,通过,""
cmkzbbrsj00cymccw0ur1juvo,通过,""
cmkzbbrsf00cmmccwmflluw64,通过,""
cmkzbbrse00ckmccwvwrpy328,通过,""
cmkzbbrse00cimccwojofdra2,通过,""
cmkzbbrsg00comccwp142oqj5,通过,""
cmkzbbrsd00cgmccwze2nr6lv,通过,""
cmkzbbrsh00csmccwmdlni3wm,通过,""
cmkzbbrsd00cemccw1h6006m6,通过,""
cmkzbpi75000x14grlk0op6mq,警告,"专业名格式错误; ACT异常低: 14"
cmkz2sxmf001adx9bexqftxxj,通过,""
cmkzbpivo00m514gr7didgaua,通过,""
cmkzbbrsl00d6mccwppcum7ej,通过,""
cmkzbbrsn00dcmccwz9dfrmi8,通过,""
cmkzbbrsn00damccwx6fekh58,通过,""
cmkzbbrsm00d8mccwbzpntgi5,通过,""
cmkzbbrsp00dimccwk8kgf73u,通过,""
cmkzbbrso00demccwjaqr36b7,通过,""
cmkzam0nw003g129lazz6jotb,通过,""
cmkzbbrsk00d2mccwr0961zg2,通过,""
cmkzbbrsl00d4mccwrbkpniqf,通过,""
cmkzbbrsq00dkmccwzjb6txlr,通过,""
cmkzbbrsp00dgmccwhfq91yzx,通过,""
cmkzbpit300jk14grkdgcr5vs,通过,""
cmkzbpib7004514gri6xjwwfp,警告,"专业名格式错误"
cmkzbpiuh00kx14gr4cxuxaii,警告,"专业名格式错误"
cmkzbpiv300lj14grnwnyzvbd,通过,""
cmkzbpilm00cy14grymdpv79f,警告,"专业名格式错误"
cmkz2sxli000vdx9b1g3mt6ia,通过,""
cmkz2sxn0001rdx9bahdipn4a,通过,""
cmkzbpilj00cw14gr23t9my7a,警告,"专业名格式错误"
cmkzbpib2004114gr1iscdiis,警告,"专业名格式错误"
cmkzbpivw00mb14grwm0zbhap,通过,""
cmkz2sxm40014dx9bcp39zp0q,通过,""
cmkzam0nz003k129l5no3eom7,通过,""
cmkzam0ny003i129lhy3o9ca9,通过,""
cmkzbpigl008l14grg4gngmnn,警告,"ACT异常低: 14"
cmkzam0o0003m129ljzirfh0n,通过,""
cmkzam0o2003o129ldts1sdlv,通过,""
cmkzbpi5d000514gr6wf7lfx2,通过,""
cmkz2sxmx001pdx9ban1xqztx,通过,""
cmkzbpilb00co14gr5wdhssng,警告,"专业名格式错误"
cmkzbpild00cq14grwoiyyb98,警告,"专业名格式错误"
cmkzbpilf00cs14gr3i72vt8i,警告,"专业名格式错误"
cmkzbpilv00d814grl01uvku9,警告,"专业名格式错误"
cmkzbpimc00di14grhl4z5xfm,通过,""
cmkzbpimh00dl14groumrna2u,通过,""
cmkzbpimm00do14grvrzt0lpc,通过,""
cmkzbpims00dt14gr6rpl02qy,通过,""
cmkzbpimy00dx14grwvmimjs0,通过,""
cmkzbpinc00e214grxef745h4,警告,"专业名格式错误"
cmkzbping00e414grisnfov12,警告,"专业名格式错误"
cmkzbpino00ed14gre2r1bcl2,删除,"学校名无效: 1. Georgia Tech (In ; 专业名格式错误"
cmkzbpinr00eg14grw54f2y73,删除,"学校名无效: 2. University of Geo; 专业名格式错误"
cmkzbpint00ej14gra0c4vy60,删除,"学校名无效: 3. UT Austin; 专业名格式错误"
cmkzbpinx00em14gr1g0y7bd8,删除,"学校名无效: 4. CU Boulder; 专业名格式错误"
cmkzbpio000eo14grbowrsr85,删除,"学校名无效: 2. University of Geo; 专业名格式错误"
cmkzbpio200eq14gr2q1grkeq,删除,"学校名无效: 3. UT Austin; 专业名格式错误"
cmkzbpio400es14grmhoeodw1,删除,"学校名无效: 4. CU Boulder; 专业名格式错误"
cmkzbpio700ev14gr8gul016m,删除,"学校名无效: 5. Rice; 专业名格式错误"
cmkzbpio800ex14graz3z3x6d,删除,"学校名无效: 6. *Rocketry; 专业名格式错误"
cmkzbpiob00f014grubkhli99,删除,"学校名无效: 7. Purdue; 专业名格式错误"
cmkzbpioe00f314gru2ckwajm,删除,"学校名无效: Committed; 专业名格式错误"
cmkzbpioh00f514grr77mcoel,删除,"学校名无效: 1. Georgia Tech (In ; 专业名格式错误; GPA无效: ."
cmkzbpioi00f714gr798pgeqr,删除,"学校名无效: 2. University of Geo; 专业名格式错误; GPA无效: ."
cmkzbpiok00f914grcetpqema,删除,"学校名无效: 3. UT Austin; 专业名格式错误; GPA无效: ."
cmkzbpiom00fb14gruek7jrnu,删除,"学校名无效: 4. CU Boulder; 专业名格式错误; GPA无效: ."
cmkzbpioo00fd14gry153u5f7,删除,"学校名无效: 5. Rice; 专业名格式错误; GPA无效: ."
cmkzbpiop00ff14grwijphn9o,删除,"学校名无效: 6. *Rocketry; 专业名格式错误; GPA无效: ."
cmkzbpior00fh14gr9kosqf5r,删除,"学校名无效: 7. Purdue; 专业名格式错误; GPA无效: ."
cmkzbpiou00fk14gro64st94u,删除,"学校名无效: 8. UT Austin; 专业名格式错误; GPA无效: ."
cmkzbpioz00fn14grp12xr3jh,删除,"学校名无效: 9. Northeastern; 专业名格式错误; GPA无效: ."
cmkzbpip200fp14grn33ctzxw,删除,"学校名无效: 1. Georgia Tech (In ; 专业名格式错误; GPA无效: ."
cmkzbpip400fr14gr9znckbch,删除,"学校名无效: 2. University of Geo; 专业名格式错误; GPA无效: ."
cmkzbpip700ft14grxz33la5j,删除,"学校名无效: 3. UT Austin; 专业名格式错误; GPA无效: ."
cmkzbpipa00fv14grhsyguc3d,删除,"学校名无效: 4. CU Boulder; 专业名格式错误; GPA无效: ."
cmkzbpipe00fx14gr96yjciau,删除,"学校名无效: 7. Purdue; 专业名格式错误; GPA无效: ."
cmkzbpiph00fz14gry03jwsky,删除,"学校名无效: 1. Georgia Tech (In ; 专业名格式错误"
cmkzbpipj00g114grydyyxcjs,删除,"学校名无效: 2. University of Geo; 专业名格式错误"
cmkzbpipl00g314gr2r9wcyn7,删除,"学校名无效: 3. UT Austin; 专业名格式错误"
cmkzbpipn00g514gr3ox7nb4e,删除,"学校名无效: 4. CU Boulder; 专业名格式错误"
cmkzbpipq00g714gr4xdn40ou,删除,"学校名无效: 5. Rice; 专业名格式错误"
cmkzbpipt00g914grgudjm5mo,删除,"学校名无效: 2. University of Geo; 专业名格式错误"
cmkzbpipv00gb14grk1k1sfmp,删除,"学校名无效: 3. UT Austin; 专业名格式错误"
cmkzbpipx00gd14grifq91p1b,删除,"学校名无效: 4. CU Boulder; 专业名格式错误"
cmkzbpipy00gf14gr3bcaehqt,删除,"学校名无效: 5. Rice; 专业名格式错误"
cmkzbpiq000gh14grfuhjof5i,删除,"学校名无效: 6. *Rocketry; 专业名格式错误"
cmkzbpiq300gj14grwzxg1r6c,删除,"学校名无效: 7. Purdue; 专业名格式错误"
cmkzbpiq500gl14gr3ap3rumh,删除,"学校名无效: 8. UT Austin; 专业名格式错误"
cmkzbpiq700gn14gretlyo0tb,删除,"学校名无效: 9. Northeastern; 专业名格式错误"
cmkzbpiqa00gq14grcl43lo5w,删除,"学校名无效: 11. UT Austin; 专业名格式错误"
cmkzbpiqc00gt14grmp30mtqu,删除,"学校名无效: 12. UT Dallas; 专业名格式错误"
cmkzbpiqe00gw14gre3szchos,删除,"学校名无效: 13. TAMU; 专业名格式错误"
cmkzbpiqg00gy14grnk2apjfg,删除,"学校名无效: 1. Georgia Tech (In ; 专业名格式错误"
cmkzbpiqi00h014grtwwuxxp1,删除,"学校名无效: 2. University of Geo; 专业名格式错误"
cmkzbpiqk00h214gr0gs91ax5,删除,"学校名无效: 3. UT Austin; 专业名格式错误"
cmkzbpiqm00h414grxpfqbssy,删除,"学校名无效: 1. Georgia Tech (In ; 专业名格式错误"
cmkzbpiqo00h614gr2jrrnfzk,删除,"学校名无效: 2. University of Geo; 专业名格式错误"
cmkzbpiqq00h814grugclaysr,删除,"学校名无效: 4. CU Boulder; 专业名格式错误"
cmkzbpiqs00ha14gr0c3p2j89,删除,"学校名无效: 5. Rice; 专业名格式错误"
cmkzbpiqu00hc14grzjdnhgmd,删除,"学校名无效: 6. *Rocketry; 专业名格式错误"
cmkzbpiqv00he14grby27fomk,删除,"学校名无效: 7. Purdue; 专业名格式错误"
cmkzbpiqx00hg14graqf5exfg,删除,"学校名无效: 8. UT Austin; 专业名格式错误"
cmkzbpiqz00hi14grgsn42u06,删除,"学校名无效: 9. Northeastern; 专业名格式错误"
cmkzbpir200hl14gr3mp32nlt,删除,"学校名无效: 10. Stanford; 专业名格式错误"
cmkzbpir400hn14grgkbdl6dh,删除,"学校名无效: 11. UT Austin; 专业名格式错误"
cmkzbpir600hp14grpuxrv1z7,删除,"学校名无效: 12. UT Dallas; 专业名格式错误"
cmkzbpir800hr14grtxc29qdh,删除,"学校名无效: 13. TAMU; 专业名格式错误"
cmkzbpira00hu14grvvc351ud,删除,"学校名无效: 14. Johns Hopkins; 专业名格式错误"
cmkzbpirc00hx14grbka912jo,删除,"学校名无效: 15. Boston Universit; 专业名格式错误"
cmkzbpita00js14grre2mf5n1,通过,""
cmkzbpirt00i714gr9u10mq4l,警告,"专业名格式错误"
cmkzbpirv00i914gr4p6vq5vj,警告,"专业名格式错误"
cmkzbpis400ih14gr4yim5uhs,警告,"专业名格式错误"
cmkzbpivq00m714grriqgbd59,删除,"学校名无效: Here's the college r; 专业名无效"
cmkzbpibb004a14gr0gwx06c6,警告,"专业名格式错误"
cmkzbpic0004v14grjgzi201z,警告,"专业名格式错误"
cmkzbpic2004y14gr70d68vxg,警告,"专业名格式错误"
cmkzbpic5005114gr77umrnix,警告,"专业名格式错误"
cmkzbpic9005614grfecc9nu5,警告,"专业名格式错误"
cmkzbpicc005914gri9ao43jk,删除,"学校名无效: (USC ED; 专业名格式错误"
cmkzbpicg005c14grjhg8sgno,删除,"学校名无效: Here's the college r"
cmkzbpicj005f14grk66vbtnc,删除,"学校名无效: EA: Miami University; 专业名无效"
cmkzbpib4004314grkrlkyq5v,警告,"专业名格式错误"
cmkzbpicn005k14grj46mog3z,警告,"专业名无效"
cmkzbpicp005n14grwmadtyzz,警告,"专业名无效"
cmkzbpict005q14gr2aroqib8,删除,"学校名无效: RD: Amherst College; 专业名无效"
cmkzbpicv005s14grk2m37wf2,警告,"专业名无效"
cmkzbpicx005u14grx3npis16,警告,"专业名无效"
cmkzbpiay003z14gr7wsw0ehl,警告,"专业名格式错误"
cmkzbpiau003w14gr5ddjtzy1,警告,"专业名格式错误"
cmkzbpidl006k14grudq4eeh6,警告,"专业名无效"
cmkzbpidr006o14grgaxmeh1g,警告,"专业名无效"
cmkzbpiar003t14gr0c77adpj,警告,"专业名格式错误"
cmkzbpiae003h14grhuhsjn6d,删除,"学校名无效: Acceptances: (list h; 专业名格式错误"
cmkzbpifb007l14gr49fnzo7o,警告,"专业名格式错误"
cmkzbpifg007q14gr0silljtv,警告,"专业名格式错误"
cmkzbpifl007v14grr6lpkxxm,警告,"专业名格式错误"
cmkzbpifo007x14grbiucpbt0,警告,"专业名格式错误"
cmkzbpigo008o14gr6beajp98,警告,"ACT异常低: 14"
cmkzbpigq008q14gruz5nikev,警告,"ACT异常低: 14"
cmkzbpigw008u14grp3xiz0uo,删除,"学校名无效: Here's the college r"
cmkzbpih6009114gry1mgszmj,警告,"专业名格式错误"
cmkzbpiha009414grmleep6v4,警告,"专业名格式错误"
cmkzbpiho009b14grhhuyuo6d,警告,"专业名格式错误"
cmkzbpihx009d14groqtkpdyx,警告,"专业名格式错误"
cmkzbpii7009n14gr6e2yio0o,通过,""
cmkzbpiie009t14grfb4sjbi3,通过,""
cmkzbpiig009v14grn8w1wbkv,通过,""
cmkzbpi7d001314gr8shg25mj,警告,"专业名格式错误; ACT异常低: 14"
cmkzbpiik00a014grhlkc3lb4,通过,""
cmkzbpiin00a414grzj2nma4m,通过,""
cmkzbpiiq00a714grlg38njru,删除,"学校名无效: 6. *Rocketry; 专业名格式错误"
cmkzbpiiv00aa14gr0x1vp4rb,警告,"专业名格式错误"
cmkzbpiix00ad14grb3ms7fv8,警告,"专业名格式错误"
cmkzbpij000ag14griaz8l00g,警告,"专业名格式错误"
cmkzbpij400aj14grk5z2fxf9,警告,"专业名格式错误"
cmkzbpi9b002i14gr00wkpf0t,警告,"专业名格式错误"
cmkzbpij800an14grb58np4rn,警告,"专业名格式错误"
cmkzbpija00ap14griw9yv203,警告,"专业名格式错误"
cmkzbpijc00ar14gryzvgabh9,警告,"专业名格式错误"
cmkzbpi99002f14gr0ijf20yn,警告,"专业名格式错误"
cmkzbpi8y002814grtqi918aa,删除,"学校名无效: &gt;!Harvard (REA); 专业名格式错误"
cmkzbpi8s002214gruxe320qu,警告,"专业名格式错误"
cmkzbpi8o001z14grafqbn8by,警告,"专业名格式错误"
cmkzbpi8l001w14gr5cuqx9fg,警告,"专业名格式错误"
cmkzbpi8i001u14gru2f4dbxu,警告,"专业名格式错误"
cmkzbpijv00bc14gr37dmyab4,删除,"学校名无效: Bioethics; 专业名格式错误"
cmkzbpijy00bf14grzejf9eld,删除,"学校名无效: Environmental; 专业名格式错误"
cmkzbpi8c001n14gr6by55bas,警告,"专业名格式错误"
cmkzbpik200bk14grbvi5o70v,删除,"学校名无效: Sociology; 专业名格式错误"
cmkzbpik400bm14gr9bvpg7iu,警告,"专业名格式错误"
cmkzbpik600bo14gr70gavbho,警告,"专业名格式错误"
cmkzbpikb00br14gr4ehmyn2z,删除,"学校名无效: Africana; 专业名格式错误"
cmkzbpikg00bu14grolbmmj8a,删除,"学校名无效: Pathobiology; 专业名格式错误"
cmkzbpikk00bx14grzlytmy4u,警告,"专业名格式错误"
cmkzbpikp00c014gr9b7oyznf,删除,"学校名无效: Bryn; 专业名格式错误"
cmkzbpiks00c314grtqulf9cn,删除,"学校名无效: Anthropology; 专业名格式错误"
cmkzbpiku00c614grtm5l7ez2,警告,"专业名格式错误"
cmkzbpi7v001f14gric3mf5rc,警告,"专业名格式错误"
cmkzbpi7s001c14grirb4mxs7,警告,"专业名格式错误"
cmkzbpi7k001914gr1fe919lu,警告,"专业名格式错误"
cmkzbpi7i001614gr5jlcn1z8,警告,"专业名格式错误"
cmkzbpi5g000714grr4t0hk4h,通过,""
cmkzbpitk00k214gr6x5rmt5j,通过,""
cmkz2sxmm001hdx9bvdg73rrm,通过,""
cmkzbpitq00ka14grikhnc8ec,通过,""
cmkzbpitt00kd14grliwcsdo8,通过,""
cmkzbpitw00kg14grfjsmv0pe,通过,""
cmkzbpiu000kj14grl47sg2ca,通过,""
cmkzbpiu200km14gre9zia4wz,通过,""
cmkzbpiu600kq14grra88tkn8,通过,""
cmkzbpiud00ks14gr26qm5ach,警告,"专业名格式错误"
cmkzbpiug00kv14grp17ylj9q,警告,"专业名格式错误"
cmkz2sxnz002ldx9bqomnt8ol,通过,""
cmkz2sxnw002hdx9bepnilek6,通过,""
cmkzbpiup00l714gr1nzzfu4w,警告,"专业名格式错误"
cmkz2sxnq002adx9bqp2tp6h8,通过,""
cmkz2sxng0021dx9bdfw6hzea,通过,""
cmkz2sxnc001ydx9b5xe0gt29,通过,""
cmkz2sxna001wdx9bvlod12dr,通过,""
cmkzbpivi00m014gr7aterlmc,删除,"学校名无效: Take; 专业名无效"
cmkzbpivk00m314grhep7anaj,删除,"学校名无效: They; 专业名无效"
cmkzbpivy00md14grr1c84ug2,通过,""
cmkzbpiw800mo14graphj6rcl,通过,""
cmkzbpiwa00mr14grhroseukt,通过,""
cmkzbpiwc00mu14gruo8uwymu,通过,""
cmkzbpiwh00n014grugfm4cu8,通过,""
cmkz2sxmu001mdx9bn6bvnxvs,通过,""
cmkzbpiwv00nf14gry7qa7tbe,警告,"专业名格式错误"
cmkzbpix900nq14gr0e7m8r7a,删除,"学校名无效: DREAM; 专业名格式错误"
cmkzbpixe00nt14grev4h8x0c,警告,"专业名格式错误"
cmkzbpixh00nv14gr6t2g1pdw,警告,"专业名格式错误"
cmkzbpixl00ny14grqx1oj7s7,警告,"专业名格式错误"
cmkzbpixo00o114grqtb97v32,删除,"学校名无效: Local; 专业名格式错误"
cmkzbpixr00o514grzmdv5r6r,警告,"专业名格式错误"
cmkzbpiy200oa14grbwipzsqe,警告,"专业名无效"
cmkz2sxki0009dx9b0nbs50mk,通过,""
cmkzbpiy900og14gr977gn44q,警告,"专业名无效"
cmkzbpiyd00oj14grgoivrlf1,警告,"专业名无效"
cmkzbpiyf00ol14grmdcj14ef,删除,"学校名无效: Bryn; 专业名无效"
cmkz2sxkm000cdx9bjzzdbsq2,通过,""
cmkzbpish00iv14gra1lcmu5c,删除,"学校名无效: Yes,; 专业名无效"
cmkzbpisk00iy14gr8l8uvi3p,删除,"学校名无效: Unless; 专业名无效"
cmkzbpism00j114grf8hf9uwi,删除,"学校名无效: Applied; 专业名无效"
cmkzbpisp00j414grle9oeutk,删除,"学校名无效: STEM,; 专业名无效"
cmkzbpisr00j714grdvkl6rqm,删除,"学校名无效: TOEFL; 专业名无效"
cmkzbpist00ja14grurhnxeju,删除,"学校名无效: IELTS,; 专业名无效"
cmkzbpisv00jc14gremb44zzn,警告,"专业名无效"
cmkzbpisx00jf14grt0yi1yg1,删除,"学校名无效: Note; 专业名无效"
cmkzbpit100ji14grrmc33x1u,通过,""
cmkzbpit700jp14gr7ea3r8ob,通过,""
cmkzbpitb00ju14grclseiu7p,通过,""
cmkzbpith00jz14gr7jtjebia,通过,""
cmkz5uesc002jm2spbr49b7yw,通过,""
cmkzam0oe0041129lz3wdfgl6,通过,""
cmkzam0oq004i129lkqwr5pz3,通过,""
cmkzaooyh003cflkk7tih6nrm,通过,""
cmkzam0oc003y129lqiwsbah7,通过,""
cmkzam0oo004e129l2vpyvs67,通过,""
cmkzaooyq003nflkku0ygp3e8,通过,""
cmkzaooy0002rflkkkiqmnzo8,通过,""
cmkzaoox1001qflkkxx7ob4pk,通过,""
cmkzaooyu003sflkk0qix66bg,通过,""
cmkzam0og0044129l7gmqp49h,通过,""
cmkz5uesa002hm2spiu2imsmv,通过,""
cmkzaooxt002mflkk3y6d37nb,通过,""
cmkzaooxr002kflkklj8313vf,通过,""
cmkzaooxq002iflkkj35livb7,通过,""
cmkzam0o8003t129llg1ug0j5,通过,""
cmkzaooyn003kflkkd4r0rnha,通过,""
cmkzaooyb0034flkk09j4igzp,通过,""
cmkzaooy80032flkkxbzozy58,通过,""
cmkzaooy5002zflkkhbrarjm8,通过,""
cmkzam0o6003r129lbjswx2bv,通过,""
cmkzam0om004b129lbtfkqpxv,通过,""
cmkzaooxv002oflkk6h47g5xk,通过,""
cmkzaooy3002wflkkh0zgxp4g,通过,""
cmkzaooy1002tflkknufmnumf,通过,""
cmkz5ueti003wm2sp1iydyimt,通过,""
cmkzam0oa003w129l2jbwzcwg,通过,""
cmkzaooyj003fflkk9evy41bf,通过,""
cmkzaooye0037flkky7a5sfvf,通过,""
cmkzam0op004g129ltil5cs4c,通过,""
cmkz5uese002lm2spe4esg4ty,通过,""
cmkzam0os004k129ll1g8km30,通过,""
cmkzaooyl003iflkke1me498h,通过,""
cmkzaooyg003aflkk0i8sr0oe,通过,""
cmkzam0oj0048129ljg4yy11z,通过,""
cmkzaoox3001sflkkep2pf32u,通过,""
cmkzam0oh0046129l4r1qt7l9,通过,""
cmkzaooys003qflkkzs5r4muj,通过,""